id, H, T, MWDIR
201704252133.jpg,0.33,2.91,164.00
201704261233.jpg,0.41,2.08,183.00
201704261433.jpg,0.43,2.18,181.00
201704261934.jpg,0.64,3.40,249.00
201704262033.jpg,0.57,3.57,243.00
201704271233.jpg,1.17,3.05,203.00
201704271333.jpg,1.38,3.92,254.00
201704271533.jpg,1.66,4.42,274.00
201704271933.jpg,1.37,4.37,261.00
201704282133.jpg,0.32,2.01,39.00
201704290034.jpg,0.37,2.76,21.00
201704291333.jpg,1.33,4.89,-1.00
201704291633.jpg,1.78,4.95,8.00
201705011434.jpg,0.71,5.90,318.00
201705022033.jpg,1.17,4.60,349.00
201705022233.jpg,1.02,4.18,345.00
201705032134.jpg,0.48,2.43,31.00
201705040033.jpg,0.49,2.97,67.00
201705051233.jpg,1.73,4.85,357.00
201705051333.jpg,1.92,5.04,335.00
201705051433.jpg,2.15,5.50,332.00
201705051533.jpg,2.31,5.53,11.00
201705051633.jpg,2.58,5.95,6.00
201705060033.jpg,2.59,7.73,335.00
201705061233.jpg,1.31,5.15,325.00
201705061333.jpg,1.27,4.17,22.00
201705071233.jpg,1.33,6.61,36.00
201705071333.jpg,1.33,6.64,10.00
201705071433.jpg,1.36,6.40,2.00
201705081333.jpg,0.85,4.66,14.00
201705082233.jpg,0.57,5.02,335.00
201705102133.jpg,0.18,2.03,41.00
201705111333.jpg,0.47,3.49,44.00
201705111433.jpg,0.43,3.46,23.00
201705111633.jpg,0.61,3.31,36.00
201705112233.jpg,0.44,2.82,22.00
201705120034.jpg,0.45,2.96,9.00
201705121233.jpg,0.22,3.03,25.00
201705121333.jpg,0.21,2.89,33.00
201705121433.jpg,0.18,2.74,19.00
201705122234.jpg,0.37,2.36,18.00
201705130034.jpg,0.32,2.75,14.00
201705141333.jpg,0.23,2.32,7.00
201705141433.jpg,0.21,2.41,9.00
201705141533.jpg,0.21,2.24,327.00
201705141634.jpg,0.26,2.04,330.00
201705141734.jpg,0.27,2.32,354.00
201705141833.jpg,0.29,2.30,4.00
201705141934.jpg,0.38,2.15,12.00
201705142033.jpg,0.42,2.47,17.00
201705142234.jpg,0.59,2.95,38.00
201705151234.jpg,0.73,2.87,125.00
201705151334.jpg,0.61,2.63,132.00
201705151433.jpg,0.58,2.28,139.00
201705151533.jpg,0.45,2.28,147.00
201705151633.jpg,0.36,2.12,154.00
201705162033.jpg,0.59,2.68,241.00
201705162233.jpg,0.85,3.35,251.00
201705171233.jpg,0.35,2.64,272.00
201705171333.jpg,0.41,2.20,185.00
201705171433.jpg,0.42,2.47,238.00
201705171533.jpg,0.57,2.77,248.00
201705180033.jpg,1.58,3.83,230.00
201705181933.jpg,0.68,3.99,273.00
201705182133.jpg,0.68,3.71,305.00
201705182233.jpg,0.56,3.77,251.00
201705201433.jpg,1.02,5.65,203.00
201705202233.jpg,0.53,4.39,349.00
201705211533.jpg,0.43,2.83,263.00
201705211833.jpg,0.54,3.11,281.00
201705211933.jpg,0.60,3.10,260.00
201705212033.jpg,0.61,3.33,264.00
201705212134.jpg,0.58,3.29,281.00
201705221333.jpg,0.63,3.34,271.00
201705222133.jpg,0.34,2.47,269.00
201705222233.jpg,0.43,2.60,255.00
201705231933.jpg,0.15,2.48,277.00
201705241233.jpg,0.92,3.47,19.00
201705241333.jpg,1.08,3.62,42.00
201705241433.jpg,1.11,3.82,359.00
201705241533.jpg,1.00,3.93,32.00
201705251633.jpg,1.43,5.56,344.00
201705252033.jpg,1.18,4.63,17.00
201705252133.jpg,0.98,5.16,291.00
201705252233.jpg,0.97,5.13,357.00
201705261233.jpg,0.50,5.06,280.00
201705261333.jpg,0.46,4.78,275.00
201705261633.jpg,0.42,4.83,197.00
201705261933.jpg,0.33,4.33,168.00
201705262033.jpg,0.33,3.85,47.00
201705262133.jpg,0.34,3.92,216.00
201705272033.jpg,0.27,2.08,341.00
201705272134.jpg,0.24,2.09,330.00
201705272233.jpg,0.22,2.01,27.00
201705280033.jpg,0.18,2.06,6.00
201705281233.jpg,0.11,2.56,328.00
201705282133.jpg,0.25,2.59,26.00
201705282233.jpg,0.25,2.66,5.00
201705291433.jpg,0.33,2.34,253.00
201705291833.jpg,0.30,2.09,284.00
201705291933.jpg,0.51,2.83,244.00
201705292033.jpg,0.61,3.27,270.00
201705292133.jpg,0.67,3.62,284.00
201705292233.jpg,0.71,3.69,290.00
201705300033.jpg,0.64,3.99,288.00
201705301433.jpg,0.26,2.12,263.00
201705301633.jpg,0.30,2.07,264.00
201705301733.jpg,0.31,2.28,261.00
201705302133.jpg,0.39,3.08,282.00
201705302233.jpg,0.39,3.19,305.00
201705310033.jpg,0.35,3.27,283.00
201705311933.jpg,0.12,2.14,317.00
201705312033.jpg,0.13,2.67,262.00
201705312133.jpg,0.12,2.71,258.00
201705312233.jpg,0.13,2.87,270.00
201706011433.jpg,0.12,2.10,321.00
201706011933.jpg,0.16,2.07,291.00
201706012033.jpg,0.15,2.17,301.00
201706022133.jpg,0.11,2.21,342.00
201706041233.jpg,0.15,2.23,258.00
201706042033.jpg,0.18,2.04,325.00
201706051533.jpg,0.41,2.17,27.00
201706051633.jpg,0.78,3.04,22.00
201706061233.jpg,0.96,5.34,326.00
201706061333.jpg,0.94,5.11,32.00
201706061433.jpg,0.84,4.84,5.00
201706070033.jpg,0.94,4.75,23.00
201706071333.jpg,0.78,4.87,43.00
201706071433.jpg,0.71,4.29,267.00
201706080033.jpg,0.63,3.54,9.00
201706081333.jpg,0.24,3.20,35.00
201706081433.jpg,0.22,3.45,45.00
201706081633.jpg,0.19,3.20,41.00
201706081734.jpg,0.16,2.90,42.00
201706081835.jpg,0.15,3.04,46.00
201706081934.jpg,0.13,2.94,12.00
201706082034.jpg,0.12,2.92,32.00
201706082134.jpg,0.11,2.82,42.00
201706082233.jpg,0.11,2.52,82.00
201706091234.jpg,0.41,2.31,235.00
201706091334.jpg,0.43,2.64,248.00
201706091434.jpg,0.39,2.75,248.00
201706092135.jpg,0.20,2.16,43.00
201706092234.jpg,0.28,2.12,52.00
201706101234.jpg,0.38,2.23,228.00
201706111234.jpg,0.62,2.91,246.00
201706111333.jpg,0.58,2.99,250.00
201706111434.jpg,0.58,2.83,236.00
201706111534.jpg,0.48,3.06,244.00
201706112234.jpg,0.45,2.93,242.00
201706121234.jpg,0.48,2.55,255.00
201706131233.jpg,0.30,3.49,334.00
201706131333.jpg,0.31,3.69,350.00
201706131433.jpg,0.29,3.92,326.00
201706131534.jpg,0.29,4.07,355.00
201706131734.jpg,0.35,2.91,356.00
201706131935.jpg,0.27,2.13,43.00
201706132034.jpg,0.25,2.05,16.00
201706141234.jpg,0.24,3.41,6.00
201706141334.jpg,0.23,2.29,180.00
201706151234.jpg,0.18,2.42,297.00
201706151334.jpg,0.29,2.09,221.00
201706161334.jpg,0.68,3.31,265.00
201706161634.jpg,0.52,3.77,304.00
201706171935.jpg,0.33,2.47,240.00
201706172135.jpg,0.26,2.66,271.00
201706181334.jpg,0.61,3.29,271.00
201706181634.jpg,0.48,2.83,272.00
201706181934.jpg,0.59,3.35,309.00
201706191234.jpg,0.37,2.39,255.00
201706191334.jpg,0.37,2.36,265.00
201706191835.jpg,0.21,3.12,354.00
201706192034.jpg,0.19,3.35,360.00
201706201234.jpg,0.61,3.32,286.00
201706201334.jpg,0.55,3.25,274.00
201706212034.jpg,0.32,2.33,31.00
201706212134.jpg,0.31,2.32,37.00
201706212234.jpg,0.33,2.19,47.00
201706220034.jpg,0.33,2.50,71.00
201706221234.jpg,0.42,3.05,268.00
201706221434.jpg,0.47,2.74,259.00
201706231434.jpg,0.53,2.87,323.00
201706231534.jpg,0.44,2.83,330.00
201706231634.jpg,0.49,2.72,336.00
201706231834.jpg,0.39,2.58,315.00
201706232134.jpg,0.27,3.15,350.00
201706232234.jpg,0.24,3.40,360.00
201706241234.jpg,1.00,4.11,339.00
201706241334.jpg,0.89,4.34,334.00
201706241434.jpg,0.89,4.23,356.00
201706241934.jpg,0.60,4.56,2.00
201706242034.jpg,0.64,4.62,42.00
201706242234.jpg,0.55,3.95,343.00
201706251234.jpg,1.23,4.90,0.00
201706251334.jpg,1.14,4.56,305.00
201706261234.jpg,0.88,4.02,331.00
201706261334.jpg,0.90,3.71,311.00
201706261734.jpg,0.51,4.09,41.00
201706261834.jpg,0.44,3.79,334.00
201706271234.jpg,0.68,4.94,321.00
201706271334.jpg,0.61,4.72,29.00
201706271434.jpg,0.58,4.69,258.00
201706271934.jpg,0.37,3.89,323.00
201706272234.jpg,0.23,3.32,1.00
201706280034.jpg,0.21,2.82,108.00
201706281234.jpg,0.49,2.32,196.00
201706290034.jpg,1.07,3.23,225.00
201706291234.jpg,0.48,2.91,241.00
201706291334.jpg,0.45,2.58,244.00
201706291534.jpg,0.51,2.98,250.00
201706291734.jpg,0.60,3.26,267.00
201706301234.jpg,0.25,2.03,236.00
201707011434.jpg,0.37,2.28,304.00
201707011534.jpg,0.31,2.53,330.00
201707011634.jpg,0.27,2.60,302.00
201707011934.jpg,0.23,2.49,62.00
201707012134.jpg,0.19,2.11,111.00
201707012234.jpg,0.17,2.00,166.00
201707021434.jpg,0.32,2.57,281.00
201707021634.jpg,0.22,2.30,282.00
201707021734.jpg,0.23,2.38,297.00
201707021834.jpg,0.24,2.20,142.00
201707021934.jpg,0.22,2.30,287.00
201707022134.jpg,0.23,2.16,190.00
201707030134.jpg,0.52,2.61,132.00
201707031734.jpg,0.23,2.02,8.00
201707032134.jpg,0.41,2.29,15.00
201707032234.jpg,0.60,2.46,38.00
201707041234.jpg,0.51,4.24,313.00
201707041334.jpg,0.48,3.97,43.00
201707041434.jpg,0.47,3.80,7.00
201707041534.jpg,0.44,4.02,74.00
201707041834.jpg,0.30,3.68,359.00
201707042234.jpg,0.35,2.05,26.00
201707050034.jpg,0.35,2.31,355.00
201707050134.jpg,0.34,3.08,0.00
201707052234.jpg,0.12,2.64,327.00
201707061734.jpg,0.10,2.16,149.00
201707062034.jpg,0.12,2.05,70.00
201707071834.jpg,0.31,4.81,200.00
201707071934.jpg,0.40,4.88,298.00
201707072034.jpg,0.49,4.06,203.00
201707072134.jpg,0.68,3.78,354.00
201707072234.jpg,0.88,3.98,5.00
201707080134.jpg,0.99,4.43,14.00
201707081234.jpg,1.45,5.40,12.00
201707081334.jpg,1.30,5.43,5.00
201707081434.jpg,1.17,4.93,356.00
201707091934.jpg,0.23,2.44,284.00
201707092034.jpg,0.20,2.06,94.00
201707101234.jpg,0.64,2.87,334.00
201707101433.jpg,0.60,2.96,9.00
201707101534.jpg,0.52,2.77,348.00
201707102234.jpg,0.12,3.08,318.00
201707121234.jpg,0.48,2.77,16.00
201707122034.jpg,0.43,2.17,206.00
201707131233.jpg,0.36,2.89,287.00
201707131434.jpg,0.40,2.75,280.00
201707131934.jpg,0.36,2.82,270.00
201707132134.jpg,0.37,2.65,260.00
201707132234.jpg,0.39,2.85,294.00
201707141534.jpg,1.21,4.05,331.00
201707141734.jpg,1.30,4.51,357.00
201707141834.jpg,1.20,4.48,335.00
201707141934.jpg,1.27,4.61,352.00
201707142034.jpg,1.27,4.56,7.00
201707142134.jpg,1.26,4.97,24.00
201707142234.jpg,1.25,5.16,10.00
201707151234.jpg,0.64,4.74,277.00
201707151334.jpg,0.65,4.52,76.00
201707151434.jpg,0.58,4.72,29.00
201707152234.jpg,0.27,4.48,136.00
201707161233.jpg,0.49,3.69,252.00
201707161334.jpg,0.65,3.08,337.00
201707161434.jpg,0.58,3.18,355.00
201707161634.jpg,1.02,5.49,316.00
201707161934.jpg,1.27,5.90,358.00
201707171234.jpg,1.04,5.69,21.00
201707171334.jpg,0.91,5.29,351.00
201707180034.jpg,0.38,5.08,277.00
201707181234.jpg,0.27,3.47,52.00
201707182234.jpg,0.17,4.08,115.00
201707192034.jpg,0.30,2.30,307.00
201707192134.jpg,0.32,2.37,328.00
201707192234.jpg,0.31,2.25,332.00
201707202034.jpg,0.31,2.55,35.00
201707211334.jpg,0.24,2.03,77.00
201707211434.jpg,0.24,2.04,71.00
201707221534.jpg,0.33,2.22,262.00
201707221634.jpg,0.31,2.53,271.00
201707221734.jpg,0.37,2.14,319.00
201707221834.jpg,0.35,3.03,319.00
201707221934.jpg,0.30,2.93,314.00
201707222034.jpg,0.24,2.08,10.00
201707222134.jpg,0.22,2.39,236.00
201707222234.jpg,0.18,2.07,40.00
201707231734.jpg,0.13,3.03,16.00
201707231834.jpg,0.16,2.41,152.00
201707231934.jpg,0.16,2.05,112.00
201707232035.jpg,0.16,2.66,353.00
201707232134.jpg,0.18,2.33,163.00
201707240034.jpg,0.34,2.30,48.00
201707241234.jpg,1.56,6.20,0.00
201707241333.jpg,1.64,6.51,348.00
201707241533.jpg,1.83,6.44,342.00
201707252234.jpg,0.23,4.21,188.00
201707261234.jpg,0.39,2.32,197.00
201707261334.jpg,0.39,2.29,239.00
201707281333.jpg,1.16,5.82,9.00
201707281434.jpg,1.22,5.66,23.00
201707291234.jpg,1.34,5.22,17.00
201707291334.jpg,1.16,5.63,360.00
201707300034.jpg,1.23,4.50,29.00
201707301334.jpg,0.51,4.39,197.00
201707310034.jpg,0.34,2.70,32.00
201707311734.jpg,0.10,2.06,30.00
201707311834.jpg,0.12,2.17,175.00
201708010034.jpg,0.27,2.05,66.00
201708011634.jpg,0.10,2.03,72.00
201708011734.jpg,0.09,2.40,19.00
201708031234.jpg,0.80,5.82,353.00
201708031334.jpg,0.76,6.35,4.00
201708031434.jpg,0.77,5.96,352.00
201708031534.jpg,0.80,5.95,346.00
201708031934.jpg,0.93,6.60,329.00
201708042034.jpg,2.01,5.35,337.00
201708051234.jpg,1.63,6.67,19.00
201708051333.jpg,1.32,6.12,360.00
201708081234.jpg,0.68,4.75,29.00
201708082234.jpg,0.38,4.34,253.00
201708090034.jpg,0.29,4.22,93.00
201708111233.jpg,0.56,3.54,293.00
201708111333.jpg,0.54,3.15,295.00
201708111434.jpg,0.48,3.13,288.00
201708111534.jpg,0.48,3.05,293.00
201708111634.jpg,0.41,3.00,297.00
201708111934.jpg,0.36,2.69,331.00
201708112034.jpg,0.47,2.18,341.00
201708112234.jpg,0.55,3.03,337.00
201708121234.jpg,1.10,4.67,334.00
201708121334.jpg,1.08,4.58,180.00
201708121434.jpg,1.17,4.94,347.00
201708121734.jpg,1.28,5.75,58.00
201708130034.jpg,1.10,5.61,359.00
201708131234.jpg,0.51,5.15,353.00
201708132234.jpg,0.32,3.01,41.00
201708140034.jpg,0.28,2.38,21.00
201708141934.jpg,0.12,2.40,219.00
201708151834.jpg,0.22,2.43,315.00
201708151934.jpg,0.20,2.23,321.00
201708152234.jpg,0.49,2.27,23.00
201708160034.jpg,0.78,3.38,17.00
201708161234.jpg,0.52,4.41,181.00
201708161334.jpg,0.53,4.29,64.00
201708161434.jpg,0.48,4.34,218.00
201708162134.jpg,0.38,3.45,354.00
201708172234.jpg,1.04,3.66,292.00
201708180034.jpg,1.02,4.28,281.00
201708181234.jpg,1.20,4.32,93.00
201708181534.jpg,0.99,4.31,345.00
201708181634.jpg,1.02,4.58,343.00
201708182134.jpg,0.74,5.13,357.00
201708182234.jpg,0.68,4.72,355.00
201708190034.jpg,0.63,4.93,36.00
201708191333.jpg,0.85,4.31,38.00
201708191433.jpg,0.70,4.18,116.00
201708191534.jpg,0.64,4.02,179.00
201708192134.jpg,0.36,3.81,111.00
201708192234.jpg,0.32,4.01,112.00
201708201834.jpg,0.18,2.23,187.00
201708202034.jpg,0.19,2.09,255.00
201708211234.jpg,0.42,2.36,200.00
201708211934.jpg,0.16,2.37,286.00
201708221233.jpg,1.18,3.91,277.00
201708221333.jpg,1.25,4.03,352.00
201708222033.jpg,0.93,4.63,303.00
201708222134.jpg,0.72,4.06,333.00
201708222234.jpg,0.96,3.51,339.00
201708230034.jpg,1.34,4.40,335.00
201708231233.jpg,1.29,5.62,11.00
201708231333.jpg,1.33,5.87,356.00
201708232233.jpg,0.89,5.34,358.00
201708240034.jpg,0.76,4.30,33.00
201708261234.jpg,0.37,2.41,54.00
201708281234.jpg,0.37,2.15,172.00
201708291233.jpg,0.16,3.64,37.00
201708291433.jpg,0.18,3.49,18.00
201708291534.jpg,0.21,2.83,10.00
201708291634.jpg,0.22,2.17,36.00
201708291934.jpg,0.41,2.06,20.00
201708292034.jpg,0.60,2.21,182.00
201708292233.jpg,0.81,3.01,359.00
201708300033.jpg,0.72,3.61,36.00
201708301233.jpg,0.52,3.66,349.00
201708301334.jpg,0.46,3.55,354.00
201708301434.jpg,0.50,3.47,3.00
201708301534.jpg,0.47,3.45,12.00
201708301934.jpg,0.36,3.12,324.00
201708302034.jpg,0.33,3.17,5.00
201708302134.jpg,0.30,3.30,333.00
201708302234.jpg,0.27,3.25,317.00
201708311234.jpg,1.57,5.59,19.00
201709011234.jpg,1.23,6.37,350.00
201709011334.jpg,1.27,6.30,17.00
201709012234.jpg,0.93,5.42,34.00
201709021333.jpg,0.48,3.15,7.00
201709021434.jpg,0.43,4.33,8.00
201709021634.jpg,0.43,4.15,255.00
201709021834.jpg,0.41,3.95,105.00
201709021934.jpg,0.36,3.98,80.00
201709022034.jpg,0.33,3.35,288.00
201709022134.jpg,0.30,3.65,155.00
201709031234.jpg,0.42,3.19,297.00
201709031334.jpg,0.39,3.26,279.00
201709031434.jpg,0.43,3.11,305.00
201709031634.jpg,0.39,2.95,306.00
201709031734.jpg,0.36,2.88,320.00
201709031834.jpg,0.40,3.22,326.00
201709031934.jpg,0.33,3.06,353.00
201709032034.jpg,0.30,2.96,326.00
201709032134.jpg,0.31,2.93,5.00
201709032234.jpg,0.30,2.72,82.00
201709041234.jpg,0.73,3.17,238.00
201709041334.jpg,0.74,3.10,231.00
201709041433.jpg,0.85,3.52,265.00
201709051234.jpg,1.86,5.62,338.00
201709051334.jpg,1.82,5.72,360.00
201709051834.jpg,1.37,5.13,318.00
201709051934.jpg,1.30,5.28,20.00
201709052034.jpg,1.27,5.17,358.00
201709061533.jpg,1.33,4.89,342.00
201709062034.jpg,1.51,5.59,14.00
201709071234.jpg,1.21,5.47,88.00
201709071334.jpg,1.27,5.47,12.00
201709071434.jpg,1.18,5.35,307.00
201709072034.jpg,0.69,4.65,9.00
201709072234.jpg,0.73,5.08,21.00
201709081234.jpg,0.60,4.11,226.00
201709081334.jpg,0.52,4.01,126.00
201709081634.jpg,0.46,4.06,124.00
201709081934.jpg,0.31,3.89,22.00
201709082233.jpg,0.74,3.74,60.00
201709091234.jpg,0.72,6.34,32.00
201709091333.jpg,0.72,6.27,291.00
201709092133.jpg,0.54,2.74,42.00
201709101234.jpg,0.37,2.06,125.00
201709101334.jpg,0.38,2.16,117.00
201709101534.jpg,0.38,2.02,125.00
201709102233.jpg,0.34,2.07,39.00
201709112033.jpg,0.39,2.04,18.00
201709112133.jpg,0.43,2.31,24.00
201709121434.jpg,0.25,2.19,60.00
201709121634.jpg,0.34,2.18,31.00
201709121734.jpg,0.40,2.34,58.00
201709121834.jpg,0.43,2.51,51.00
201709122034.jpg,0.60,3.02,34.00
201709122234.jpg,0.76,3.19,37.00
201709141734.jpg,0.06,2.35,151.00
201709142034.jpg,0.06,2.07,216.00
201709142234.jpg,0.08,2.11,183.00
201709151234.jpg,0.29,2.01,189.00
201709161233.jpg,0.37,2.07,184.00
201709161434.jpg,0.29,2.06,188.00
201709161934.jpg,0.21,2.12,165.00
201709162034.jpg,0.22,2.09,174.00
201709171334.jpg,0.33,2.07,208.00
201709181233.jpg,0.71,4.52,40.00
201709181334.jpg,0.65,4.14,12.00
201709182134.jpg,0.55,4.22,37.00
201709191234.jpg,0.45,3.84,32.00
201709191433.jpg,0.41,4.29,66.00
201709191733.jpg,0.36,4.31,153.00
201709191933.jpg,0.46,4.11,189.00
201709192234.jpg,0.45,4.19,113.00
201709221834.jpg,0.09,2.57,184.00
201709221934.jpg,0.12,2.17,261.00
201709222034.jpg,0.10,2.20,280.00
201709222134.jpg,0.11,2.38,179.00
201709222234.jpg,0.11,2.81,128.00
201709231934.jpg,0.15,2.57,350.00
201709232034.jpg,0.17,2.05,153.00
201709241834.jpg,0.18,2.33,50.00
201709241934.jpg,0.19,2.12,142.00
201709252134.jpg,0.09,2.23,314.00
201709252234.jpg,0.10,2.26,83.00
201709262134.jpg,0.22,2.45,242.00
201709271734.jpg,1.26,6.28,38.00
201709272234.jpg,1.26,6.02,13.00
201709281234.jpg,0.98,5.28,353.00
201709282133.jpg,0.72,5.16,300.00
201709282234.jpg,0.69,5.08,360.00
201709292234.jpg,1.91,6.79,2.00
201710012134.jpg,0.34,2.00,109.00
201710021233.jpg,0.54,2.54,200.00
201710021333.jpg,0.44,2.32,185.00
201710031233.jpg,0.48,2.54,193.00
201710031433.jpg,0.58,2.58,298.00
201710032033.jpg,0.55,2.80,289.00
201710032134.jpg,0.55,2.83,252.00
201710032233.jpg,0.51,2.72,256.00
201710041833.jpg,0.92,3.20,336.00
201710042033.jpg,0.88,4.34,27.00
201710042134.jpg,0.81,5.07,37.00
201710051334.jpg,0.41,3.72,324.00
201710051934.jpg,0.40,4.36,227.00
201710052134.jpg,0.36,4.20,124.00
201710052233.jpg,0.46,4.21,332.00
201710071233.jpg,0.59,2.32,205.00
201710071934.jpg,0.99,3.45,285.00
201710072133.jpg,0.84,3.55,261.00
201710081233.jpg,0.69,3.91,269.00
201710092034.jpg,0.12,2.10,283.00
201710101233.jpg,1.21,5.44,359.00
201710101433.jpg,1.11,5.61,18.00
201710131534.jpg,0.37,2.21,254.00
201710131634.jpg,0.35,2.21,250.00
201710141633.jpg,0.27,2.22,140.00
201710161234.jpg,1.32,5.84,19.00
201710162034.jpg,0.59,6.09,12.00
201710162134.jpg,0.53,5.96,344.00
201710162234.jpg,0.44,5.91,40.00
201710171233.jpg,0.74,3.60,264.00
201710181233.jpg,0.52,2.16,217.00
201710182234.jpg,0.63,3.29,245.00
201710191233.jpg,0.70,3.50,267.00
201710191333.jpg,0.70,3.66,296.00
201710191434.jpg,0.56,3.48,251.00
201710191534.jpg,0.51,3.37,298.00
201710191634.jpg,0.53,3.28,298.00
201710191734.jpg,0.51,3.20,312.00
201710191834.jpg,0.45,3.37,348.00
201710191934.jpg,0.40,3.91,89.00
201710192034.jpg,0.37,3.83,14.00
201710201233.jpg,0.36,2.18,179.00
201710202234.jpg,0.24,2.10,247.00
201710211333.jpg,0.37,2.07,193.00
201710211934.jpg,0.44,2.23,233.00
201710212034.jpg,0.44,2.17,216.00
201710212234.jpg,0.41,2.15,201.00
201710221233.jpg,0.61,2.60,182.00
201710232234.jpg,1.89,5.57,7.00
201710251233.jpg,1.91,7.90,2.00
201710251433.jpg,1.74,7.73,348.00
201710251533.jpg,1.50,7.82,20.00
201710251634.jpg,1.46,7.74,2.00
201710251934.jpg,1.02,6.49,354.00
201710252034.jpg,0.98,6.45,7.00
201710252233.jpg,0.85,6.38,4.00
201710261234.jpg,0.37,3.79,180.00
201710261333.jpg,0.43,2.12,159.00
201710262134.jpg,0.49,2.38,161.00
201710262233.jpg,0.51,2.42,159.00
201710271433.jpg,1.57,5.16,309.00
201710271533.jpg,1.50,5.24,303.00
201710281333.jpg,1.38,4.26,302.00
201710291534.jpg,0.99,4.72,291.00
201710291634.jpg,1.03,5.20,328.00
201710291734.jpg,1.00,5.76,32.00
201710291833.jpg,0.91,5.94,10.00
201710291934.jpg,0.79,6.44,356.00
201710292033.jpg,0.69,5.87,327.00
201710292234.jpg,0.66,5.86,324.00
201710301333.jpg,1.36,4.41,280.00
201710301533.jpg,1.76,4.68,298.00
201710301634.jpg,1.95,4.93,316.00
201710301834.jpg,1.69,5.18,335.00
201710302034.jpg,2.03,5.10,325.00
201710311934.jpg,0.89,4.92,327.00
201710312033.jpg,0.79,5.60,341.00
201710312233.jpg,0.60,5.46,320.00
201711011833.jpg,0.41,2.23,192.00
201711021633.jpg,0.23,2.35,303.00
201711031233.jpg,2.58,6.31,13.00
201711031634.jpg,1.71,6.60,354.00
201711032233.jpg,1.16,5.82,358.00
201711041233.jpg,0.73,3.40,134.00
201711041333.jpg,0.70,3.51,61.00
201711052134.jpg,0.80,3.58,356.00
201711061433.jpg,1.79,6.55,16.00
201711061534.jpg,1.64,6.64,353.00
201711061833.jpg,1.37,6.15,30.00
201711062033.jpg,1.43,5.49,17.00
201711062133.jpg,1.40,5.95,85.00
201711071233.jpg,0.90,4.25,34.00
201711071333.jpg,0.98,4.50,44.00
201711071933.jpg,1.09,4.48,36.00
201711072033.jpg,1.15,4.73,84.00
201711081234.jpg,0.55,4.73,226.00
201711081334.jpg,0.55,4.60,256.00
201711081934.jpg,0.40,3.79,4.00
201711082034.jpg,0.39,3.94,113.00
201711082133.jpg,0.37,3.93,21.00
201711082233.jpg,0.36,4.33,112.00
201711091433.jpg,1.49,3.71,270.00
201711091633.jpg,1.51,4.48,314.00
201711092233.jpg,2.24,6.05,351.00
201711102133.jpg,1.06,6.51,0.00
201711102233.jpg,1.05,6.58,351.00
201711111233.jpg,0.40,2.13,161.00
201711111333.jpg,0.39,2.10,148.00
